GROUP,PACKAGE,CLASS,INSTRUCTION_MISSED,INSTRUCTION_COVERED,BRANCH_MISSED,BRANCH_COVERED,LINE_MISSED,LINE_COVERED,COMPLEXITY_MISSED,COMPLEXITY_COVERED,METHOD_MISSED,METHOD_COVERED
jacoco-report-aggregate/language-framework,com.dan323.expressions.base,Disjunction,0,7,0,0,0,3,0,2,0,2
jacoco-report-aggregate/language-framework,com.dan323.expressions.base,Variable,0,9,0,0,0,4,0,2,0,2
jacoco-report-aggregate/language-framework,com.dan323.expressions.base,Implication,0,7,0,0,0,3,0,2,0,2
jacoco-report-aggregate/language-framework,com.dan323.expressions.base,BinaryOperation,0,51,0,8,0,13,0,8,0,4
jacoco-report-aggregate/language-framework,com.dan323.expressions.base,Negation,0,6,0,0,0,3,0,2,0,2
jacoco-report-aggregate/language-framework,com.dan323.expressions.base,UnaryOperation,0,31,0,4,0,9,0,6,0,4
jacoco-report-aggregate/language-framework,com.dan323.expressions.base,Conjunction,0,7,0,0,0,3,0,2,0,2
jacoco-report-aggregate/language-implementation.classic,com.dan323.expressions.classical.exceptions,InvalidMapValuesException,3,4,0,0,2,2,1,1,1,1
jacoco-report-aggregate/language-implementation.classic,com.dan323.expressions.classical,ConstantClassic,0,40,0,0,0,9,0,6,0,6
jacoco-report-aggregate/language-implementation.classic,com.dan323.expressions.classical,VariableClassic,0,51,0,4,0,9,0,6,0,4
jacoco-report-aggregate/language-implementation.classic,com.dan323.expressions.classical,ClassicalParser,0,142,0,9,0,22,0,12,0,6
jacoco-report-aggregate/language-implementation.classic,com.dan323.expressions.classical,DisjunctionClassic,0,67,1,9,0,7,1,8,0,4
jacoco-report-aggregate/language-implementation.classic,com.dan323.expressions.classical,NegationClassic,0,42,0,4,0,7,0,6,0,4
jacoco-report-aggregate/language-implementation.classic,com.dan323.expressions.classical,ConjunctionClassic,2,65,2,8,0,7,2,7,0,4
jacoco-report-aggregate/language-implementation.classic,com.dan323.expressions.classical,ImplicationClassic,2,65,2,8,0,7,2,7,0,4
jacoco-report-aggregate/implementation.modal,com.dan323.expressions.relation,Equals,41,39,4,6,2,5,5,3,1,2
jacoco-report-aggregate/implementation.modal,com.dan323.expressions.relation,RelationOperation,3,26,0,0,1,8,1,4,1,4
jacoco-report-aggregate/implementation.modal,com.dan323.expressions.relation,StateTerm,0,195,0,24,0,35,0,21,0,9
jacoco-report-aggregate/implementation.modal,com.dan323.expressions.relation,LessEqual,0,49,0,6,0,6,0,6,0,3
jacoco-report-aggregate/implementation.modal,com.dan323.expressions.modal,ImplicationModal,0,55,0,6,0,8,0,8,0,5
jacoco-report-aggregate/implementation.modal,com.dan323.expressions.modal,ConstantModal,0,55,0,4,0,12,0,9,0,7
jacoco-report-aggregate/implementation.modal,com.dan323.expressions.modal,ConjunctionModal,0,60,1,5,0,10,1,8,0,6
jacoco-report-aggregate/implementation.modal,com.dan323.expressions.modal,NegationModal,0,34,0,2,0,7,0,5,0,4
jacoco-report-aggregate/implementation.modal,com.dan323.expressions.modal,Until,0,53,0,6,0,7,0,7,0,4
jacoco-report-aggregate/implementation.modal,com.dan323.expressions.modal,Sometime,0,34,0,2,0,7,0,5,0,4
jacoco-report-aggregate/implementation.modal,com.dan323.expressions.modal,VariableModal,0,28,0,2,0,6,0,4,0,3
jacoco-report-aggregate/implementation.modal,com.dan323.expressions.modal,Always,0,34,0,2,0,7,0,5,0,4
jacoco-report-aggregate/implementation.modal,com.dan323.expressions.modal,DisjunctionModal,0,53,1,5,0,8,1,7,0,5
jacoco-report-aggregate/implementation.modal,com.dan323.expressions.modal,Next,0,34,0,2,0,7,0,5,0,4
jacoco-report-aggregate/implementation.modal,com.dan323.expressions.modal,UnaryModal,0,4,0,0,0,2,0,1,0,1
jacoco-report-aggregate/implementation.modal,com.dan323.expressions,ModalLogicParser,5,205,1,10,1,29,1,15,0,7
jacoco-report-aggregate/implementation.modal,com.dan323.expressions,ModalNextUntilLogicParser,0,289,0,13,0,37,0,16,0,8
jacoco-report-aggregate/implementation.firstorder,com.dan323.expressions.firstorder,DisjunctionFirstOrder,0,56,0,0,0,9,0,6,0,6
jacoco-report-aggregate/implementation.firstorder,com.dan323.expressions.firstorder,Equals,0,60,0,0,0,11,0,6,0,6
jacoco-report-aggregate/implementation.firstorder,com.dan323.expressions.firstorder,Forall,0,15,0,0,0,5,0,4,0,4
jacoco-report-aggregate/implementation.firstorder,com.dan323.expressions.firstorder,Predicate,0,89,0,2,0,17,0,12,0,11
jacoco-report-aggregate/implementation.firstorder,com.dan323.expressions.firstorder,ImplicationFirstOrder,0,56,0,0,0,9,0,6,0,6
jacoco-report-aggregate/implementation.firstorder,com.dan323.expressions.firstorder,Exists,0,15,0,0,0,5,0,4,0,4
jacoco-report-aggregate/implementation.firstorder,com.dan323.expressions.firstorder,Alpha,0,278,3,21,0,32,3,23,0,11
jacoco-report-aggregate/implementation.firstorder,com.dan323.expressions.firstorder,Printer,0,23,0,6,0,3,0,5,0,2
jacoco-report-aggregate/implementation.firstorder,com.dan323.expressions.firstorder,FirstOrderParser.Cursor,0,421,0,52,0,102,0,45,0,19
jacoco-report-aggregate/implementation.firstorder,com.dan323.expressions.firstorder,FirstOrderParser,0,165,1,25,0,37,1,20,0,8
jacoco-report-aggregate/implementation.firstorder,com.dan323.expressions.firstorder,ConjunctionFirstOrder,0,56,0,0,0,9,0,6,0,6
jacoco-report-aggregate/implementation.firstorder,com.dan323.expressions.firstorder,FunctionApplication,0,75,0,2,0,11,0,7,0,6
jacoco-report-aggregate/implementation.firstorder,com.dan323.expressions.firstorder,ConstantFirstOrder,0,26,0,2,0,5,0,5,0,4
jacoco-report-aggregate/implementation.firstorder,com.dan323.expressions.firstorder,Quantifier,0,115,0,6,0,22,0,11,0,8
jacoco-report-aggregate/implementation.firstorder,com.dan323.expressions.firstorder,VariableTerm,0,25,0,2,0,6,0,5,0,4
jacoco-report-aggregate/implementation.firstorder,com.dan323.expressions.firstorder,NegationFirstOrder,0,26,0,0,0,6,0,5,0,5
jacoco-report-aggregate/implementation.deduction.modal,com.dan323.proof.modal,ModalDeductionTheorem,0,80,1,5,0,10,1,7,0,5
jacoco-report-aggregate/implementation.deduction.modal,com.dan323.proof.modal,ModalFI,0,58,0,8,0,7,0,11,0,7
jacoco-report-aggregate/implementation.deduction.modal,com.dan323.proof.modal,ModalFE,0,50,0,4,0,7,0,7,0,5
jacoco-report-aggregate/implementation.deduction.modal,com.dan323.proof.modal,ModalOrE,0,50,0,2,0,8,0,5,0,4
jacoco-report-aggregate/implementation.deduction.modal,com.dan323.proof.modal,ModalAndE2,0,33,0,0,0,5,0,4,0,4
jacoco-report-aggregate/implementation.deduction.modal,com.dan323.proof.modal,ModalOrI1,0,38,0,0,0,5,0,4,0,4
jacoco-report-aggregate/implementation.deduction.modal,com.dan323.proof.modal,ModalOrI2,0,38,0,0,0,5,0,4,0,4
jacoco-report-aggregate/implementation.deduction.modal,com.dan323.proof.modal,ModalAndE1,0,33,0,0,0,5,0,4,0,4
jacoco-report-aggregate/implementation.deduction.modal,com.dan323.proof.modal,ModalModusPonens,0,47,0,4,0,7,0,6,0,4
jacoco-report-aggregate/implementation.deduction.modal,com.dan323.proof.modal,ModalDiaE,20,310,7,29,3,49,8,18,1,7
jacoco-report-aggregate/implementation.deduction.modal,com.dan323.proof.modal,ModalDiaI,22,157,6,8,1,16,7,7,1,6
jacoco-report-aggregate/implementation.deduction.modal,com.dan323.proof.modal,ModalNotI,0,38,0,0,0,5,0,4,0,4
jacoco-report-aggregate/implementation.deduction.modal,com.dan323.proof.modal,ModalAction,2,61,1,5,1,7,1,4,0,2
jacoco-report-aggregate/implementation.deduction.modal,com.dan323.proof.modal,ModalAndI,0,45,0,4,0,5,0,6,0,4
jacoco-report-aggregate/implementation.deduction.modal,com.dan323.proof.modal,ModalNotE,0,28,0,0,0,4,0,3,0,3
jacoco-report-aggregate/implementation.deduction.modal,com.dan323.proof.modal,ModalBoxE,8,159,1,17,1,21,2,14,1,6
jacoco-report-aggregate/implementation.deduction.modal,com.dan323.proof.modal,ModalBoxI,10,170,2,10,1,28,3,11,1,7
jacoco-report-aggregate/implementation.deduction.modal,com.dan323.proof.modal,ModalAssume,22,68,3,5,2,13,4,7,1,6
jacoco-report-aggregate/implementation.deduction.modal,com.dan323.proof.modal,ModalCopy,18,46,2,2,2,7,3,5,1,5
jacoco-report-aggregate/implementation.deduction.modal,com.dan323.proof.modal.internal,LinearTimeAutomate,80,3075,90,430,11,430,86,262,0,75
jacoco-report-aggregate/implementation.deduction.modal,com.dan323.proof.modal.internal,ModalAutomate,167,1969,50,222,12,287,40,146,0,47
jacoco-report-aggregate/implementation.deduction.modal,com.dan323.proof.modal.internal,LinearTimeAutomate.Closer,0,63,0,0,0,4,0,1,0,1
jacoco-report-aggregate/implementation.deduction.modal,com.dan323.proof.modal.internal,LinearTimeAutomate.Goal,0,59,0,4,0,13,0,6,0,4
jacoco-report-aggregate/implementation.deduction.modal,com.dan323.proof.modal.internal,LinearTimeAutomate.Located,0,9,0,0,0,1,0,1,0,1
jacoco-report-aggregate/implementation.deduction.modal,com.dan323.proof.modal.internal,LinearTimeAutomate.Checkpoint,0,15,0,0,0,1,0,1,0,1
jacoco-report-aggregate/implementation.deduction.modal,com.dan323.proof.modal.nextuntil,ParseModalNextUntilAction,0,608,2,57,0,83,2,51,0,10
jacoco-report-aggregate/implementation.deduction.modal,com.dan323.proof.modal.nextuntil,StateOrder,18,780,9,89,4,139,10,60,1,20
jacoco-report-aggregate/implementation.deduction.modal,com.dan323.proof.modal.nextuntil,ModalUntilE,0,46,0,0,0,5,0,4,0,4
jacoco-report-aggregate/implementation.deduction.modal,com.dan323.proof.modal.nextuntil,NextUntilRule.Conclusion,0,9,0,0,0,1,0,1,0,1
jacoco-report-aggregate/implementation.deduction.modal,com.dan323.proof.modal.nextuntil,ModalNextUntilNaturalDeduction,0,202,1,33,0,44,1,28,0,12
jacoco-report-aggregate/implementation.deduction.modal,com.dan323.proof.modal.nextuntil,Relations,0,88,1,13,0,12,1,7,0,1
jacoco-report-aggregate/implementation.deduction.modal,com.dan323.proof.modal.nextuntil,ModalSuccessor,3,104,1,7,2,13,1,8,0,5
jacoco-report-aggregate/implementation.deduction.modal,com.dan323.proof.modal.nextuntil,NextUntilRule,0,169,1,11,0,21,1,18,0,13
jacoco-report-aggregate/implementation.deduction.modal,com.dan323.proof.modal.nextuntil,ModalUntilWitness,2,213,6,18,1,26,6,13,0,7
jacoco-report-aggregate/implementation.deduction.modal,com.dan323.proof.modal.nextuntil,ModalNegatedUntil,0,68,0,0,0,8,0,5,0,5
jacoco-report-aggregate/implementation.deduction.modal,com.dan323.proof.modal.nextuntil,ModalOrder,0,179,2,16,0,26,2,17,0,10
jacoco-report-aggregate/implementation.deduction.modal,com.dan323.proof.modal.nextuntil,ModalLinearity,2,147,5,11,1,21,5,9,0,6
jacoco-report-aggregate/implementation.deduction.modal,com.dan323.proof.modal.nextuntil,StateOrder.Edge,0,15,0,0,0,1,0,1,0,1
jacoco-report-aggregate/implementation.deduction.modal,com.dan323.proof.modal.nextuntil,ModalUntilWitnessRight,0,25,0,0,0,4,0,3,0,3
jacoco-report-aggregate/implementation.deduction.modal,com.dan323.proof.modal.nextuntil,ModalUntilI1,0,64,0,6,0,8,0,8,0,5
jacoco-report-aggregate/implementation.deduction.modal,com.dan323.proof.modal.nextuntil,ModalUntilI2,0,76,1,7,0,13,1,5,0,2
jacoco-report-aggregate/implementation.deduction.modal,com.dan323.proof.modal.nextuntil,ModalUntilWitness.Witness,0,12,0,0,0,1,0,1,0,1
jacoco-report-aggregate/implementation.deduction.modal,com.dan323.proof.modal.nextuntil,ModalEqualState,0,202,4,14,0,25,4,16,0,11
jacoco-report-aggregate/implementation.deduction.modal,com.dan323.proof.modal.nextuntil,ModalUntilWitnessLeft,2,230,6,18,1,35,6,15,0,9
jacoco-report-aggregate/implementation.deduction.modal,com.dan323.proof.modal.nextuntil,ModalNextE,0,45,0,4,0,7,0,4,0,2
jacoco-report-aggregate/implementation.deduction.modal,com.dan323.proof.modal.nextuntil,ModalNextI,0,52,1,5,0,7,1,5,0,3
jacoco-report-aggregate/implementation.deduction.modal,com.dan323.proof.modal.nextuntil,ModalUntilSometime,0,33,0,0,0,4,0,3,0,3
jacoco-report-aggregate/implementation.deduction.modal,com.dan323.proof.modal.nextuntil,ModalInduction,0,75,1,7,0,10,1,5,0,2
jacoco-report-aggregate/implementation.deduction.modal,com.dan323.proof.modal.proof,ModalNaturalDeduction,2,175,3,21,1,40,3,20,0,11
jacoco-report-aggregate/implementation.deduction.modal,com.dan323.proof.modal.proof,ProofStepModal,0,34,0,2,0,10,0,5,0,4
jacoco-report-aggregate/implementation.deduction.modal,com.dan323.proof.modal.proof,ParseModalAction,249,627,16,36,22,96,22,58,6,30
jacoco-report-aggregate/implementation.deduction.modal,com.dan323.proof.modal.complex,CompositionRule,5,3,0,0,1,1,1,1,1,1
jacoco-report-aggregate/implementation.deduction.modal,com.dan323.proof.modal.complex,ContraSometime,0,164,2,12,0,20,2,8,0,3
jacoco-report-aggregate/implementation.deduction.modal,com.dan323.proof.modal.complex,ModalOrE2,26,172,7,9,2,19,6,7,1,4
jacoco-report-aggregate/implementation.deduction.modal,com.dan323.proof.modal.complex,ModalOrE1,9,189,2,14,1,20,3,10,1,4
jacoco-report-aggregate/implementation.deduction.modal,com.dan323.proof.modal.complex,ModalDeMorgan,7,141,2,8,1,20,3,7,1,4
jacoco-report-aggregate/implementation.deduction.modal,com.dan323.proof.modal.complex,DeMorgan,5,141,1,11,1,20,2,9,1,4
jacoco-report-aggregate/implementation.deduction.modal,com.dan323.proof.modal.relational,RelationalAction,0,16,0,0,0,3,0,3,0,3
jacoco-report-aggregate/implementation.deduction.modal,com.dan323.proof.modal.relational,Reflexive,18,68,2,2,2,10,3,5,1,5
jacoco-report-aggregate/implementation.deduction.modal,com.dan323.proof.modal.relational,Transitive,22,122,3,7,1,14,4,6,1,4
jacoco-report-aggregate/implementation.deduction.firstorder,com.dan323.proof.firstorder.proof,ParseFirstOrderAction,0,840,0,62,0,108,0,71,0,22
jacoco-report-aggregate/implementation.deduction.firstorder,com.dan323.proof.firstorder.proof,FirstOrderNaturalDeduction,0,60,0,0,0,12,0,8,0,8
jacoco-report-aggregate/implementation.deduction.firstorder,com.dan323.proof.firstorder,FirstOrderAndE1,0,5,0,0,0,2,0,1,0,1
jacoco-report-aggregate/implementation.deduction.firstorder,com.dan323.proof.firstorder,FirstOrderFE,0,5,0,0,0,2,0,1,0,1
jacoco-report-aggregate/implementation.deduction.firstorder,com.dan323.proof.firstorder,Instances,14,513,11,79,4,56,12,48,1,11
jacoco-report-aggregate/implementation.deduction.firstorder,com.dan323.proof.firstorder,FirstOrderAndE2,0,5,0,0,0,2,0,1,0,1
jacoco-report-aggregate/implementation.deduction.firstorder,com.dan323.proof.firstorder,FirstOrderOrI2,0,12,0,0,0,2,0,2,0,2
jacoco-report-aggregate/implementation.deduction.firstorder,com.dan323.proof.firstorder,FirstOrderOrI1,0,6,0,0,0,2,0,1,0,1
jacoco-report-aggregate/implementation.deduction.firstorder,com.dan323.proof.firstorder,FirstOrderCopy,16,18,2,2,1,3,3,2,1,2
jacoco-report-aggregate/implementation.deduction.firstorder,com.dan323.proof.firstorder,FirstOrderFI,0,8,0,0,0,2,0,2,0,2
jacoco-report-aggregate/implementation.deduction.firstorder,com.dan323.proof.firstorder,FirstOrderDeductionTheorem,0,4,0,0,0,2,0,1,0,1
jacoco-report-aggregate/implementation.deduction.firstorder,com.dan323.proof.firstorder,FirstOrderForallE,21,85,3,9,1,11,4,7,1,4
jacoco-report-aggregate/implementation.deduction.firstorder,com.dan323.proof.firstorder,FirstOrderEqualsI,15,50,2,4,1,8,3,5,1,4
jacoco-report-aggregate/implementation.deduction.firstorder,com.dan323.proof.firstorder,FirstOrderAssume,15,26,2,4,1,4,3,4,1,3
jacoco-report-aggregate/implementation.deduction.firstorder,com.dan323.proof.firstorder,FirstOrderForallI,21,114,3,17,1,19,4,11,1,4
jacoco-report-aggregate/implementation.deduction.firstorder,com.dan323.proof.firstorder,FirstOrderModusPonens,0,5,0,0,0,2,0,1,0,1
jacoco-report-aggregate/implementation.deduction.firstorder,com.dan323.proof.firstorder,FirstOrderEqualsE,27,110,4,12,1,17,5,8,1,4
jacoco-report-aggregate/implementation.deduction.firstorder,com.dan323.proof.firstorder,FirstOrderAndI,0,6,0,0,0,2,0,1,0,1
jacoco-report-aggregate/implementation.deduction.firstorder,com.dan323.proof.firstorder,FirstOrderExistsI,21,80,3,9,1,10,4,7,1,4
jacoco-report-aggregate/implementation.deduction.firstorder,com.dan323.proof.firstorder,FirstOrderNotI,0,4,0,0,0,2,0,1,0,1
jacoco-report-aggregate/implementation.deduction.firstorder,com.dan323.proof.firstorder,FirstOrderExistsE,16,178,2,24,1,30,3,15,1,4
jacoco-report-aggregate/implementation.deduction.firstorder,com.dan323.proof.firstorder,FirstOrderNotE,0,4,0,0,0,2,0,1,0,1
jacoco-report-aggregate/implementation.deduction.firstorder,com.dan323.proof.firstorder,Instances.Match,0,26,1,3,0,3,1,4,0,3
jacoco-report-aggregate/implementation.deduction.firstorder,com.dan323.proof.firstorder,FirstOrderAction,0,5,0,0,0,2,0,1,0,1
jacoco-report-aggregate/implementation.deduction.firstorder,com.dan323.proof.firstorder,FirstOrderOrE,0,6,0,0,0,2,0,1,0,1
jacoco-report-aggregate/framework.deduction,com.dan323.proof.generic,DeductionTheorem,1,103,2,4,0,17,2,6,0,5
jacoco-report-aggregate/framework.deduction,com.dan323.proof.generic,RuleUtils,6,160,1,25,2,22,2,24,1,12
jacoco-report-aggregate/framework.deduction,com.dan323.proof.generic,OrI,7,122,5,9,1,18,6,9,1,7
jacoco-report-aggregate/framework.deduction,com.dan323.proof.generic,AndE,0,97,2,8,0,15,2,10,0,7
jacoco-report-aggregate/framework.deduction,com.dan323.proof.generic,OrE,0,202,7,19,0,28,7,14,0,8
jacoco-report-aggregate/framework.deduction,com.dan323.proof.generic,ModusPonens,0,94,1,7,0,15,1,10,0,7
jacoco-report-aggregate/framework.deduction,com.dan323.proof.generic,AndI,0,117,2,10,0,19,2,12,0,8
jacoco-report-aggregate/framework.deduction,com.dan323.proof.generic,Copy,0,44,0,0,0,8,0,5,0,5
jacoco-report-aggregate/framework.deduction,com.dan323.proof.generic,NotE,1,109,2,10,0,17,2,11,0,7
jacoco-report-aggregate/framework.deduction,com.dan323.proof.generic,FI,0,126,2,10,0,18,2,11,0,7
jacoco-report-aggregate/framework.deduction,com.dan323.proof.generic,NotI,1,120,2,8,0,21,2,8,0,5
jacoco-report-aggregate/framework.deduction,com.dan323.proof.generic,Assume,0,32,0,0,0,8,0,4,0,4
jacoco-report-aggregate/framework.deduction,com.dan323.proof.generic,FE,0,114,2,12,0,16,2,11,0,6
jacoco-report-aggregate/framework.deduction,com.dan323.proof.generic.proof,ParseAction,0,26,0,0,0,4,0,2,0,2
jacoco-report-aggregate/framework.deduction,com.dan323.proof.generic.proof,Proof,0,124,1,11,0,30,1,18,0,13
jacoco-report-aggregate/framework.deduction,com.dan323.proof.generic.proof,ProofReason.Range,0,15,0,0,0,2,0,2,0,2
jacoco-report-aggregate/framework.deduction,com.dan323.proof.generic.proof,ProofReason,102,190,9,14,9,31,11,16,2,8
jacoco-report-aggregate/framework.deduction,com.dan323.proof.generic.proof,ProofStep,0,66,1,1,0,19,1,7,0,7
jacoco-report-aggregate/framework.deduction,com.dan323.proof.generic.pattern,PatternMapperUnaryBinaryOps,11,104,5,17,1,19,4,10,0,3
jacoco-report-aggregate/implementation.deduction.classic,com.dan323.classical,ClassicAndE1,2,5,0,0,1,2,1,1,1,1
jacoco-report-aggregate/implementation.deduction.classic,com.dan323.classical,ClassicAndE2,2,5,0,0,1,2,1,1,1,1
jacoco-report-aggregate/implementation.deduction.classic,com.dan323.classical,ClassicDeductionTheorem,0,6,0,0,0,3,0,2,0,2
jacoco-report-aggregate/implementation.deduction.classic,com.dan323.classical,ClassicAssume,16,18,1,1,2,5,2,3,1,3
jacoco-report-aggregate/implementation.deduction.classic,com.dan323.classical,ClassicModusPonens,0,7,0,0,0,3,0,2,0,2
jacoco-report-aggregate/implementation.deduction.classic,com.dan323.classical,ClassicCopy,18,20,2,2,2,5,3,3,1,3
jacoco-report-aggregate/implementation.deduction.classic,com.dan323.classical,ClassicOrI1,0,8,0,0,0,3,0,2,0,2
jacoco-report-aggregate/implementation.deduction.classic,com.dan323.classical,ClassicOrI2,0,14,0,0,0,3,0,3,0,3
jacoco-report-aggregate/implementation.deduction.classic,com.dan323.classical,ClassicNotE,2,4,0,0,1,2,1,1,1,1
jacoco-report-aggregate/implementation.deduction.classic,com.dan323.classical,ClassicNotI,0,6,0,0,0,3,0,2,0,2
jacoco-report-aggregate/implementation.deduction.classic,com.dan323.classical,ClassicalAction,0,5,0,0,0,2,0,1,0,1
jacoco-report-aggregate/implementation.deduction.classic,com.dan323.classical,ClassicFI,0,10,0,0,0,3,0,3,0,3
jacoco-report-aggregate/implementation.deduction.classic,com.dan323.classical,ClassicFE,0,7,0,0,0,3,0,2,0,2
jacoco-report-aggregate/implementation.deduction.classic,com.dan323.classical,ClassicOrE,0,8,0,0,0,3,0,2,0,2
jacoco-report-aggregate/implementation.deduction.classic,com.dan323.classical,ClassicAndI,0,8,0,0,0,3,0,2,0,2
jacoco-report-aggregate/implementation.deduction.classic,com.dan323.classical.proof,ParseClassicalAction,23,423,3,30,4,65,4,43,1,18
jacoco-report-aggregate/implementation.deduction.classic,com.dan323.classical.proof,AvailableAction,3,171,0,8,1,18,1,9,1,5
jacoco-report-aggregate/implementation.deduction.classic,com.dan323.classical.proof,NaturalDeduction,0,34,0,0,0,9,0,5,0,5
jacoco-report-aggregate/implementation.deduction.classic,com.dan323.classical.proof,IntuitionisticNaturalDeduction,0,9,0,0,0,3,0,2,0,2
jacoco-report-aggregate/implementation.deduction.classic,com.dan323.classical.complex,DeMorgan,5,140,1,9,1,18,2,8,1,4
jacoco-report-aggregate/implementation.deduction.classic,com.dan323.classical.complex,OrE1,9,169,2,12,1,18,3,9,1,4
jacoco-report-aggregate/implementation.deduction.classic,com.dan323.classical.complex,OrE2,9,169,2,12,1,18,3,9,1,4
jacoco-report-aggregate/implementation.deduction.classic,com.dan323.classical.complex,CompositionRule,10,3,0,0,2,1,2,1,2,1
jacoco-report-aggregate/implementation.deduction.classic,com.dan323.classical.complex,Sequence,8,73,1,7,1,20,1,7,0,4
jacoco-report-aggregate/implementation.deduction.classic,com.dan323.classical.internal,GoalDirectedAutomate,68,1247,15,167,7,224,11,113,0,33
jacoco-report-aggregate/implementation.deduction.classic,com.dan323.classical.internal,ClassicalAutomate,0,68,1,7,0,15,1,7,0,4
jacoco-report-aggregate/implementation.deduction.classic,com.dan323.classical.internal,IntuitionisticAutomate.Alternative,0,9,0,0,0,1,0,1,0,1
jacoco-report-aggregate/implementation.deduction.classic,com.dan323.classical.internal,IntuitionisticAutomate,2,558,9,71,0,93,9,50,0,19
jacoco-report-aggregate/implementation.deduction.classic,com.dan323.classical.internal,IntuitionisticAutomate.Attempt,0,12,0,0,0,1,0,1,0,1
jacoco-report-aggregate/implementation.deduction.classic,com.dan323.classical.internal,GoalDirectedAutomate.State,0,15,0,0,0,1,0,1,0,1
jacoco-report-aggregate/implementation.deduction.classic,com.dan323.classical.internal,IntuitionisticAutomate.Key,0,9,0,0,0,1,0,1,0,1
jacoco-report-aggregate/implementation.deduction.classic,com.dan323.classical.internal,IntuitionisticAutomate.Strategy,0,27,0,0,0,2,0,1,0,1
